colour	x	y	group	showSelectedlegendcolour
#F8766D	71.0185365853659	2.859	1	East Asia & Pacific
#F8766D	71.0682926829268	2.961	1	East Asia & Pacific
#F8766D	71.4575609756098	2.744	1	East Asia & Pacific
#F8766D	71.8468292682927	2.491	1	East Asia & Pacific
#F8766D	72.2360975609756	2.397	1	East Asia & Pacific
#F8766D	72.6253658536586	2.148	1	East Asia & Pacific
#F8766D	67.1051463414634	5.751	2	East Asia & Pacific
#F8766D	67.5096097560976	5.771	2	East Asia & Pacific
#F8766D	67.9030975609756	5.758	2	East Asia & Pacific
#F8766D	68.2850731707317	5.687	2	East Asia & Pacific
#F8766D	68.6580731707317	5.555	2	East Asia & Pacific
#F8766D	69.0215853658537	5.365	2	East Asia & Pacific
#F8766D	43.6327073170732	5.924	3	East Asia & Pacific
#F8766D	42.2078536585366	5.747	3	East Asia & Pacific
#F8766D	40.3466097560976	5.534	3	East Asia & Pacific
#F8766D	38.2119268292683	5.302	3	East Asia & Pacific
#F8766D	36.0111951219512	5.075	3	East Asia & Pacific
#F8766D	34.1257317073171	4.901	3	East Asia & Pacific
#F8766D	62.902243902439	5.512	4	East Asia & Pacific
#F8766D	63.8667317073171	5.24	4	East Asia & Pacific
#F8766D	64.5144390243902	4.91	4	East Asia & Pacific
#F8766D	64.9957804878049	4.544	4	East Asia & Pacific
#F8766D	65.3712682926829	4.16	4	East Asia & Pacific
#F8766D	65.6915609756098	3.783	4	East Asia & Pacific
#F8766D	59.900756097561	4.543	5	East Asia & Pacific
#F8766D	60.2468536585366	4.397	5	East Asia & Pacific
#F8766D	60.5824634146342	4.275	5	East Asia & Pacific
#F8766D	60.9075609756098	4.178	5	East Asia & Pacific
#F8766D	61.2226341463415	4.106	5	East Asia & Pacific
#F8766D	61.5300975609756	4.054	5	East Asia & Pacific
#F8766D	60.2612926829268	5.722	6	East Asia & Pacific
#F8766D	60.5771951219512	5.505	6	East Asia & Pacific
#F8766D	60.8628292682927	5.279	6	East Asia & Pacific
#F8766D	61.1305853658537	5.055	6	East Asia & Pacific
#F8766D	61.3984146341463	4.841	6	East Asia & Pacific
#F8766D	61.7008536585366	4.643	6	East Asia & Pacific
#F8766D	65.8673170731708	4.372	7	East Asia & Pacific
#F8766D	66.2754878048781	4.248	7	East Asia & Pacific
#F8766D	66.6707317073171	4.137	7	East Asia & Pacific
#F8766D	67.0530487804878	4.028	7	East Asia & Pacific
#F8766D	67.4224390243903	3.917	7	East Asia & Pacific
#F8766D	67.7789024390244	3.801	7	East Asia & Pacific
#F8766D	71.4524390243903	3.421	8	East Asia & Pacific
#F8766D	71.4585365853659	3.459	8	East Asia & Pacific
#F8766D	71.4560975609756	3.315	8	East Asia & Pacific
#F8766D	72.109756097561	3.177	8	East Asia & Pacific
#F8766D	72.6121951219512	2.967	8	East Asia & Pacific
#F8766D	73.3682926829268	2.666	8	East Asia & Pacific
#F8766D	51.8299756097561	5.474	9	East Asia & Pacific
#F8766D	52.4671463414634	5.413	9	East Asia & Pacific
#F8766D	53.0944390243903	5.338	9	East Asia & Pacific
#F8766D	53.7088048780488	5.251	9	East Asia & Pacific
#F8766D	54.3071707317073	5.152	9	East Asia & Pacific
#F8766D	54.8905365853659	5.043	9	East Asia & Pacific
#F8766D	71.950243902439	2.135	10	East Asia & Pacific
#F8766D	72.8829268292683	2.16	10	East Asia & Pacific
#F8766D	73.5065853658537	2.14	10	East Asia & Pacific
#F8766D	73.7575609756097	2.14	10	East Asia & Pacific
#F8766D	74.3939024390244	2.05	10	East Asia & Pacific
#F8766D	75.0573170731707	1.909	10	East Asia & Pacific
#F8766D	61.5753414634146	4.036	12	East Asia & Pacific
#F8766D	62.3602195121951	3.927	12	East Asia & Pacific
#F8766D	63.1322195121951	3.761	12	East Asia & Pacific
#F8766D	63.8760243902439	3.556	12	East Asia & Pacific
#F8766D	64.5797317073171	3.326	12	East Asia & Pacific
#F8766D	65.2314390243902	3.101	12	East Asia & Pacific
#F8766D	61.2072682926829	4.53	13	East Asia & Pacific
#F8766D	62.4436585365854	4.54	13	East Asia & Pacific
#F8766D	62.8365853658537	4.14	13	East Asia & Pacific
#F8766D	63.229512195122	4.1	13	East Asia & Pacific
#F8766D	63.5926829268293	3.81	13	East Asia & Pacific
#F8766D	63.9558536585366	3.47	13	East Asia & Pacific
#F8766D	46.0325365853659	5.974	14	East Asia & Pacific
#F8766D	46.2486585365854	5.979	14	East Asia & Pacific
#F8766D	46.4748292682927	5.99	14	East Asia & Pacific
#F8766D	46.7140731707317	6.006	14	East Asia & Pacific
#F8766D	46.9683170731707	6.029	14	East Asia & Pacific
#F8766D	47.2365365853659	6.059	14	East Asia & Pacific
#F8766D	69.6424390243902	2.166	15	East Asia & Pacific
#F8766D	70.0413902439025	1.98	15	East Asia & Pacific
#F8766D	70.4308780487805	1.821	15	East Asia & Pacific
#F8766D	70.8113902439025	1.683	15	East Asia & Pacific
#F8766D	71.1824146341463	1.568	15	East Asia & Pacific
#F8766D	71.5459756097561	1.484	15	East Asia & Pacific
#F8766D	63.9407073170732	4.858	16	East Asia & Pacific
#F8766D	64.3306341463415	4.722	16	East Asia & Pacific
#F8766D	64.7090975609756	4.593	16	East Asia & Pacific
#F8766D	65.0780731707317	4.463	16	East Asia & Pacific
#F8766D	65.4375853658537	4.334	16	East Asia & Pacific
#F8766D	65.7871219512195	4.209	16	East Asia & Pacific
#F8766D	61.6335853658537	6.938	18	East Asia & Pacific
#F8766D	62.0705853658537	6.925	18	East Asia & Pacific
#F8766D	62.5205853658537	6.894	18	East Asia & Pacific
#F8766D	62.9755853658537	6.842	18	East Asia & Pacific
#F8766D	63.4265853658537	6.77	18	East Asia & Pacific
#F8766D	63.8545853658537	6.682	18	East Asia & Pacific
#F8766D	55.7422682926829	7.569	19	East Asia & Pacific
#F8766D	56.1934390243903	7.546	19	East Asia & Pacific
#F8766D	56.5631707317073	7.497	19	East Asia & Pacific
#F8766D	56.8453902439024	7.413	19	East Asia & Pacific
#F8766D	57.0445853658537	7.294	19	East Asia & Pacific
#F8766D	57.1662926829268	7.144	19	East Asia & Pacific
#F8766D	49.9803902439024	6.076	20	East Asia & Pacific
#F8766D	50.6556829268293	6.012	20	East Asia & Pacific
#F8766D	51.3139268292683	5.914	20	East Asia & Pacific
#F8766D	51.9601219512195	5.781	20	East Asia & Pacific
#F8766D	52.585243902439	5.617	20	East Asia & Pacific
#F8766D	53.1732682926829	5.431	20	East Asia & Pacific
#F8766D	63.0292682926829	4.3	21	East Asia & Pacific
#F8766D	63.4780487804878	4.1757142857	21	East Asia & Pacific
#F8766D	63.9268292682927	4.0514285714	21	East Asia & Pacific
#F8766D	64.3756097560976	3.9271428571	21	East Asia & Pacific
#F8766D	64.8243902439024	3.8028571429	21	East Asia & Pacific
#F8766D	65.2731707317073	3.6785714286	21	East Asia & Pacific
#F8766D	71.2731707317073	3.158	22	East Asia & Pacific
#F8766D	71.7731707317073	3.194	22	East Asia & Pacific
#F8766D	71.8292682926829	3	22	East Asia & Pacific
#F8766D	71.6682926829268	2.696	22	East Asia & Pacific
#F8766D	71.9243902439024	2.57	22	East Asia & Pacific
#F8766D	72.219512195122	2.331	22	East Asia & Pacific
#F8766D	46.0409268292683	6.163	25	East Asia & Pacific
#F8766D	46.7274634146342	6.137	25	East Asia & Pacific
#F8766D	47.3813170731707	6.108	25	East Asia & Pacific
#F8766D	48.0148292682927	6.077	25	East Asia & Pacific
#F8766D	48.6373658536585	6.041	25	East Asia & Pacific
#F8766D	49.270512195122	6	25	East Asia & Pacific
#F8766D	60.7420731707317	6.264	26	East Asia & Pacific
#F8766D	61.0070243902439	6.152	26	East Asia & Pacific
#F8766D	61.2660243902439	6.041	26	East Asia & Pacific
#F8766D	61.5205609756098	5.931	26	East Asia & Pacific
#F8766D	61.7701219512195	5.824	26	East Asia & Pacific
#F8766D	62.015243902439	5.718	26	East Asia & Pacific
#F8766D	54.969512195122	6.101	27	East Asia & Pacific
#F8766D	55.469512195122	5.93	27	East Asia & Pacific
#F8766D	55.969512195122	5.755	27	East Asia & Pacific
#F8766D	56.469512195122	5.578	27	East Asia & Pacific
#F8766D	56.969512195122	5.402	27	East Asia & Pacific
#F8766D	57.469512195122	5.237	27	East Asia & Pacific
#F8766D	68.2814146341463	3.086	28	East Asia & Pacific
#F8766D	68.66	3.038	28	East Asia & Pacific
#F8766D	69.0659756097561	3.048	28	East Asia & Pacific
#F8766D	69.4784634146342	2.8	28	East Asia & Pacific
#F8766D	69.8854634146341	2.359	28	East Asia & Pacific
#F8766D	70.2714146341463	2.079	28	East Asia & Pacific
#F8766D	54.3877073170732	6.914	29	East Asia & Pacific
#F8766D	54.9066829268293	7.04	29	East Asia & Pacific
#F8766D	55.4386341463415	7.145	29	East Asia & Pacific
#F8766D	55.9770975609756	7.216	29	East Asia & Pacific
#F8766D	56.5105609756098	7.248	29	East Asia & Pacific
#F8766D	57.0305365853659	7.236	29	East Asia & Pacific
#F8766D	59.8366585365854	5.595	30	East Asia & Pacific
#F8766D	60.2802926829268	5.397	30	East Asia & Pacific
#F8766D	60.7300731707317	5.181	30	East Asia & Pacific
#F8766D	61.1890243902439	4.953	30	East Asia & Pacific
#F8766D	61.6651951219512	4.721	30	East Asia & Pacific
#F8766D	62.1719756097561	4.488	30	East Asia & Pacific
#F8766D	39.5288780487805	5.917	31	East Asia & Pacific
#F8766D	39.575243902439	5.751	31	East Asia & Pacific
#F8766D	39.0880975609756	5.541	31	East Asia & Pacific
#F8766D	38.082512195122	5.298	31	East Asia & Pacific
#F8766D	36.6681463414634	5.037	31	East Asia & Pacific
#F8766D	35.1138536585366	4.794	31	East Asia & Pacific
#F8766D	64.8850975609756	5.941	32	East Asia & Pacific
#F8766D	65.2048048780488	5.761	32	East Asia & Pacific
#F8766D	65.5079756097561	5.616	32	East Asia & Pacific
#F8766D	65.7950487804878	5.512	32	East Asia & Pacific
#F8766D	66.0660243902439	5.449	32	East Asia & Pacific
#F8766D	66.3233902439025	5.426	32	East Asia & Pacific
#F8766D	52.4798048780488	6.272	34	East Asia & Pacific
#F8766D	53.0796341463415	6.202	34	East Asia & Pacific
#F8766D	53.6794390243902	6.134	34	East Asia & Pacific
#F8766D	54.2792682926829	6.067	34	East Asia & Pacific
#F8766D	54.8786097560976	5.999	34	East Asia & Pacific
#F8766D	55.4799756097561	5.929	34	East Asia & Pacific
#F8766D	47.6914634146342	7.362	35	East Asia & Pacific
#F8766D	47.7492682926829	7.287	35	East Asia & Pacific
#F8766D	47.9240487804878	7.17	35	East Asia & Pacific
#F8766D	48.2728780487805	7.008	35	East Asia & Pacific
#F8766D	48.8243902439024	6.807	35	East Asia & Pacific
#F8766D	49.5998048780488	6.574	35	East Asia & Pacific
#C49A00	66.9894390243903	4.872	36	Europe & Central Asia
#C49A00	67.265512195122	4.778	36	Europe & Central Asia
#C49A00	67.5444634146342	4.688	36	Europe & Central Asia
#C49A00	67.813512195122	4.598	36	Europe & Central Asia
#C49A00	68.0722682926829	4.507	36	Europe & Central Asia
#C49A00	68.3258292682927	4.417	36	Europe & Central Asia
#C49A00	69.9244390243903	3.208	38	Europe & Central Asia
#C49A00	70.1830487804878	3.118	38	Europe & Central Asia
#C49A00	70.367512195122	3.032	38	Europe & Central Asia
#C49A00	70.4793170731707	2.942	38	Europe & Central Asia
#C49A00	70.5239756097561	2.846	38	Europe & Central Asia
#C49A00	70.527512195122	2.745	38	Europe & Central Asia
#C49A00	69.8907317073171	2.29	39	Europe & Central Asia
#C49A00	70.0692682926829	2.202	39	Europe & Central Asia
#C49A00	70.4136585365854	2.102	39	Europe & Central Asia
#C49A00	70.9792682926829	1.97	39	Europe & Central Asia
#C49A00	70.9624390243903	1.95	39	Europe & Central Asia
#C49A00	71.0841463414634	1.82	39	Europe & Central Asia
#C49A00	64.7346097560976	4.612	40	Europe & Central Asia
#C49A00	64.9814390243903	4.479	40	Europe & Central Asia
#C49A00	65.1481219512195	4.348	40	Europe & Central Asia
#C49A00	65.2341707317073	4.216	40	Europe & Central Asia
#C49A00	65.2435853658537	4.084	40	Europe & Central Asia
#C49A00	65.1874390243903	3.95	40	Europe & Central Asia
#C49A00	70.5228780487805	2.31	41	Europe & Central Asia
#C49A00	70.6958048780488	2.31	41	Europe & Central Asia
#C49A00	70.8183170731707	2.28	41	Europe & Central Asia
#C49A00	70.8809268292683	2.25	41	Europe & Central Asia
#C49A00	70.8837317073171	2.21	41	Europe & Central Asia
#C49A00	70.8328780487805	2.17	41	Europe & Central Asia
#C49A00	70.9719512195122	2.2	42	Europe & Central Asia
#C49A00	71.0604878048781	2.208	42	Europe & Central Asia
#C49A00	71.4051219512195	2.09	42	Europe & Central Asia
#C49A00	71.6353658536586	1.95	42	Europe & Central Asia
#C49A00	71.9858536585366	1.83	42	Europe & Central Asia
#C49A00	71.9712195121951	1.736	42	Europe & Central Asia
#C49A00	65.9866097560976	2.881	43	Europe & Central Asia
#C49A00	66.5321219512195	2.775	43	Europe & Central Asia
#C49A00	67.0786585365854	2.675	43	Europe & Central Asia
#C49A00	67.6176341463415	2.581	43	Europe & Central Asia
#C49A00	68.1404634146342	2.493	43	Europe & Central Asia
#C49A00	68.6315853658537	2.412	43	Europe & Central Asia
#C49A00	71.2563414634146	2.17	44	Europe & Central Asia
#C49A00	70.8736585365854	2.1	44	Europe & Central Asia
#C49A00	70.899512195122	2.03	44	Europe & Central Asia
#C49A00	71.3421951219512	2.15	44	Europe & Central Asia
#C49A00	71.2080487804878	2.29	44	Europe & Central Asia
#C49A00	71.049756097561	2.23	44	Europe & Central Asia
#C49A00	71.7390487804878	2.121	45	Europe & Central Asia
#C49A00	71.836	2.019	45	Europe & Central Asia
#C49A00	71.9380487804878	1.918	45	Europe & Central Asia
#C49A00	72.0501707317073	1.822	45	Europe & Central Asia
#C49A00	72.1773658536585	1.735	45	Europe & Central Asia
#C49A00	72.3246097560976	1.659	45	Europe & Central Asia
#C49A00	68.8978536585366	2.007	46	Europe & Central Asia
#C49A00	69.1415853658537	1.987	46	Europe & Central Asia
#C49A00	69.3906341463415	1.975	46	Europe & Central Asia
#C49A00	69.6368780487805	1.972	46	Europe & Central Asia
#C49A00	69.8752195121951	1.976	46	Europe & Central Asia
#C49A00	70.0019512195122	1.985	46	Europe & Central Asia
#C49A00	72.5266585365854	2.61	47	Europe & Central Asia
#C49A00	72.7776341463415	2.547	47	Europe & Central Asia
#C49A00	73.0211219512195	2.491	47	Europe & Central Asia
#C49A00	73.2575853658537	2.44	47	Europe & Central Asia
#C49A00	73.4875609756098	2.393	47	Europe & Central Asia
#C49A00	73.7115365853659	2.352	47	Europe & Central Asia
#C49A00	69.440243902439	1.929	48	Europe & Central Asia
#C49A00	69.6770731707317	1.99	48	Europe & Central Asia
#C49A00	70.1765853658537	2.09	48	Europe & Central Asia
#C49A00	70.0226829268293	2.31	48	Europe & Central Asia
#C49A00	70.0865853658537	2.46	48	Europe & Central Asia
#C49A00	70.4146341463415	2.43	48	Europe & Central Asia
#C49A00	73.3434146341463	1.95	49	Europe & Central Asia
#C49A00	73.4146341463415	2.043	49	Europe & Central Asia
#C49A00	73.4390243902439	2.029	49	Europe & Central Asia
#C49A00	73.6821951219512	1.917	49	Europe & Central Asia
#C49A00	73.8082926829268	1.897	49	Europe & Central Asia
#C49A00	74.0751219512195	1.919	49	Europe & Central Asia
#C49A00	70.0985609756098	2.16	50	Europe & Central Asia
#C49A00	70.1076341463415	2.18	50	Europe & Central Asia
#C49A00	70.0723902439024	2.16	50	Europe & Central Asia
#C49A00	69.9939268292683	2.13	50	Europe & Central Asia
#C49A00	69.8793170731707	2.1	50	Europe & Central Asia
#C49A00	69.7346341463415	2.08	50	Europe & Central Asia
#C49A00	70.179512195122	1.828	52	Europe & Central Asia
#C49A00	70.0175609756098	1.703	52	Europe & Central Asia
#C49A00	70.7073170731707	1.593	52	Europe & Central Asia
#C49A00	71.2236585365854	1.504	52	Europe & Central Asia
#C49A00	71.1348780487805	1.625	52	Europe & Central Asia
#C49A00	71.6736585365854	1.688	52	Europe & Central Asia
#C49A00	71.6585365853659	2.55	53	Europe & Central Asia
#C49A00	71.9073170731707	2.47	53	Europe & Central Asia
#C49A00	72.1073170731707	2.38	53	Europe & Central Asia
#C49A00	72.3560975609756	2.28	53	Europe & Central Asia
#C49A00	72.6048780487805	2.18	53	Europe & Central Asia
#C49A00	72.8536585365854	2.09	53	Europe & Central Asia
#C49A00	67.1497073170732	2.595	54	Europe & Central Asia
#C49A00	67.4566829268293	2.588	54	Europe & Central Asia
#C49A00	67.7671707317073	2.579	54	Europe & Central Asia
#C49A00	68.0801463414634	2.563	54	Europe & Central Asia
#C49A00	68.3911219512195	2.537	54	Europe & Central Asia
#C49A00	68.6816097560976	2.502	54	Europe & Central Asia
#C49A00	70.6409024390244	2.03	55	Europe & Central Asia
#C49A00	70.6964634146342	1.92	55	Europe & Central Asia
#C49A00	70.7942682926829	1.71	55	Europe & Central Asia
#C49A00	70.9418048780488	1.54	55	Europe & Central Asia
#C49A00	71.1411219512195	1.51	55	Europe & Central Asia
#C49A00	71.3867804878049	1.45	55	Europe & Central Asia
#C49A00	71.694	2.337	56	Europe & Central Asia
#C49A00	71.9611463414634	2.295	56	Europe & Central Asia
#C49A00	72.2271463414634	2.315	56	Europe & Central Asia
#C49A00	72.4914634146341	2.28	56	Europe & Central Asia
#C49A00	72.7565609756098	2.39	56	Europe & Central Asia
#C49A00	73.0244634146342	2.365	56	Europe & Central Asia
#C49A00	69.1646341463415	1.97	58	Europe & Central Asia
#C49A00	69.0524390243903	1.915	58	Europe & Central Asia
#C49A00	69.6646341463415	1.931	58	Europe & Central Asia
#C49A00	69.5180487804878	1.93	58	Europe & Central Asia
#C49A00	69.2480487804878	2.27	58	Europe & Central Asia
#C49A00	69.29	2.35	58	Europe & Central Asia
#C49A00	73.9339024390244	2.793	59	Europe & Central Asia
#C49A00	73.5704878048781	2.875	59	Europe & Central Asia
#C49A00	74.4558536585366	3.088	59	Europe & Central Asia
#C49A00	74.4509756097561	2.948	59	Europe & Central Asia
#C49A00	74.5117073170732	2.66	59	Europe & Central Asia
#C49A00	75.5787804878049	2.613	59	Europe & Central Asia
#C49A00	70.9962195121951	3.93	60	Europe & Central Asia
#C49A00	71.0813658536585	3.975	60	Europe & Central Asia
#C49A00	71.1745853658537	3.874	60	Europe & Central Asia
#C49A00	71.2808780487805	3.74	60	Europe & Central Asia
#C49A00	71.4032926829268	3.617	60	Europe & Central Asia
#C49A00	71.5462926829268	3.396	60	Europe & Central Asia
#C49A00	71.5587804878049	2.425	62	Europe & Central Asia
#C49A00	71.8068292682927	2.411	62	Europe & Central Asia
#C49A00	72.0753658536586	2.359	62	Europe & Central Asia
#C49A00	72.0263414634146	2.339	62	Europe & Central Asia
#C49A00	72.7343902439025	2.331	62	Europe & Central Asia
#C49A00	72.6473170731708	2.208	62	Europe & Central Asia
#C49A00	62.1975609756098	3.538	63	Europe & Central Asia
#C49A00	62.4845609756098	3.489	63	Europe & Central Asia
#C49A00	62.7415609756098	3.44	63	Europe & Central Asia
#C49A00	62.9765609756098	3.385	63	Europe & Central Asia
#C49A00	63.1935609756098	3.32	63	Europe & Central Asia
#C49A00	63.4055365853659	3.249	63	Europe & Central Asia
#C49A00	60.2213414634146	4.892	65	Europe & Central Asia
#C49A00	60.5303414634146	4.815	65	Europe & Central Asia
#C49A00	60.8103414634146	4.724	65	Europe & Central Asia
#C49A00	61.0663414634146	4.615	65	Europe & Central Asia
#C49A00	61.3053414634146	4.492	65	Europe & Central Asia
#C49A00	61.5363170731707	4.365	65	Europe & Central Asia
#C49A00	69.8353658536586	1.96	66	Europe & Central Asia
#C49A00	70.1646341463415	2	66	Europe & Central Asia
#C49A00	69.8787804878049	2	66	Europe & Central Asia
#C49A00	69.8134146341464	1.98	66	Europe & Central Asia
#C49A00	69.7409756097561	1.97	66	Europe & Central Asia
#C49A00	68.9253658536585	1.96	66	Europe & Central Asia
#C49A00	70.8043902439024	2.37	68	Europe & Central Asia
#C49A00	71.7353658536586	2.38	68	Europe & Central Asia
#C49A00	71.0246341463415	2.33	68	Europe & Central Asia
#C49A00	71.3321951219512	2.25	68	Europe & Central Asia
#C49A00	71.2441463414634	2.21	68	Europe & Central Asia
#C49A00	70.8673170731707	2.19	68	Europe & Central Asia
#C49A00	69.8755609756098	1.98	69	Europe & Central Asia
#C49A00	69.9779024390244	1.92	69	Europe & Central Asia
#C49A00	70.1051463414634	1.72	69	Europe & Central Asia
#C49A00	70.2614146341463	1.52	69	Europe & Central Asia
#C49A00	70.4477804878049	1.55	69	Europe & Central Asia
#C49A00	70.6633902439025	1.55	69	Europe & Central Asia
#C49A00	66.3329268292683	3.086	70	Europe & Central Asia
#C49A00	66.8173170731707	2.978	70	Europe & Central Asia
#C49A00	67.3048048780488	2.877	70	Europe & Central Asia
#C49A00	67.7919756097561	2.789	70	Europe & Central Asia
#C49A00	68.2669024390244	2.714	70	Europe & Central Asia
#C49A00	68.7046097560976	2.653	70	Europe & Central Asia
#C49A00	64.8251951219512	2.582	71	Europe & Central Asia
#C49A00	64.9178536585366	2.56	71	Europe & Central Asia
#C49A00	64.9733658536585	2.542	71	Europe & Central Asia
#C49A00	65.0038048780488	2.523	71	Europe & Central Asia
#C49A00	65.0157317073171	2.503	71	Europe & Central Asia
#C49A00	65.0076829268293	2.483	71	Europe & Central Asia
#C49A00	68.8773902439024	2.384	73	Europe & Central Asia
#C49A00	69.5611463414634	2.375	73	Europe & Central Asia
#C49A00	70.2130975609756	2.37	73	Europe & Central Asia
#C49A00	70.8292926829268	2.37	73	Europe & Central Asia
#C49A00	71.3997804878049	2.373	73	Europe & Central Asia
#C49A00	71.9150731707317	2.375	73	Europe & Central Asia
#C49A00	73.5856097560976	2.572	74	Europe & Central Asia
#C49A00	73.809512195122	2.362	74	Europe & Central Asia
#C49A00	73.7270731707317	2.151	74	Europe & Central Asia
#C49A00	74.1439024390244	1.904	74	Europe & Central Asia
#C49A00	74.5368292682927	1.773	74	Europe & Central Asia
#C49A00	74.4987804878049	1.664	74	Europe & Central Asia
#C49A00	74.0880487804878	2.503	75	Europe & Central Asia
#C49A00	74.1792682926829	2.498	75	Europe & Central Asia
#C49A00	74.3446341463415	2.372	75	Europe & Central Asia
#C49A00	74.4421951219512	2.238	75	Europe & Central Asia
#C49A00	74.7536585365854	2.137	75	Europe & Central Asia
#C49A00	74.8175609756098	1.991	75	Europe & Central Asia
#C49A00	69.8682926829268	2.2	76	Europe & Central Asia
#C49A00	69.6121951219512	2.25	76	Europe & Central Asia
#C49A00	70.6658536585366	2.235	76	Europe & Central Asia
#C49A00	70.6634146341463	2.255	76	Europe & Central Asia
#C49A00	71.1170731707317	2.26	76	Europe & Central Asia
#C49A00	70.5609756097561	2.27	76	Europe & Central Asia
#C49A00	67.0731707317073	2.759	77	Europe & Central Asia
#C49A00	66.7707317073171	2.799	77	Europe & Central Asia
#C49A00	68.3243902439024	2.697	77	Europe & Central Asia
#C49A00	67.5243902439024	2.655	77	Europe & Central Asia
#C49A00	68.019512195122	2.599	77	Europe & Central Asia
#C49A00	68.309756097561	2.517	77	Europe & Central Asia
#C49A00	68.1825853658537	2.886	78	Europe & Central Asia
#C49A00	68.5041463414634	2.67	78	Europe & Central Asia
#C49A00	68.470243902439	2.548	78	Europe & Central Asia
#C49A00	69.0056097560976	2.439	78	Europe & Central Asia
#C49A00	69.499756097561	2.71	78	Europe & Central Asia
#C49A00	69.6139024390244	2.6	78	Europe & Central Asia
#C49A00	68.1336585365854	1.99	79	Europe & Central Asia
#C49A00	68.3765853658537	2.03	79	Europe & Central Asia
#C49A00	68.3085365853659	2.04	79	Europe & Central Asia
#C49A00	68.2946341463415	2.01	79	Europe & Central Asia
#C49A00	68.320243902439	2	79	Europe & Central Asia
#C49A00	67.7239024390244	1.98	79	Europe & Central Asia
#C49A00	70.144243902439	2.41	82	Europe & Central Asia
#C49A00	70.1084390243903	2.43	82	Europe & Central Asia
#C49A00	70.1053658536585	2.49	82	Europe & Central Asia
#C49A00	70.1289756097561	2.56	82	Europe & Central Asia
#C49A00	70.1782926829268	2.61	82	Europe & Central Asia
#C49A00	70.2462926829269	2.55	82	Europe & Central Asia
#C49A00	68.609756097561	2.255	83	Europe & Central Asia
#C49A00	68.8341463414634	2.236	83	Europe & Central Asia
#C49A00	69.0585365853659	2.221	83	Europe & Central Asia
#C49A00	69.4048780487805	2.214	83	Europe & Central Asia
#C49A00	70.1609756097561	2.211	83	Europe & Central Asia
#C49A00	70.3585365853659	2.21	83	Europe & Central Asia
#C49A00	72.0273170731707	2.836	84	Europe & Central Asia
#C49A00	71.630243902439	2.859	84	Europe & Central Asia
#C49A00	72.8180487804878	2.842	84	Europe & Central Asia
#C49A00	72.6107317073171	2.823	84	Europe & Central Asia
#C49A00	72.969756097561	2.866	84	Europe & Central Asia
#C49A00	73.3187804878049	2.788	84	Europe & Central Asia
#C49A00	74.6492682926829	1.939	85	Europe & Central Asia
#C49A00	74.6239024390244	1.978	85	Europe & Central Asia
#C49A00	74.7180487804878	1.927	85	Europe & Central Asia
#C49A00	74.8673170731707	1.88	85	Europe & Central Asia
#C49A00	74.9804878048781	1.888	85	Europe & Central Asia
#C49A00	74.9846341463415	1.779	85	Europe & Central Asia
#C49A00	73.020243902439	2.087	86	Europe & Central Asia
#C49A00	73.1307317073171	2.033	86	Europe & Central Asia
#C49A00	73.6443902439025	1.923	86	Europe & Central Asia
#C49A00	73.9409756097561	1.823	86	Europe & Central Asia
#C49A00	74.2870731707317	1.731	86	Europe & Central Asia
#C49A00	74.6656097560976	1.598	86	Europe & Central Asia
#C49A00	60.0440975609756	6.878	87	Europe & Central Asia
#C49A00	60.3388536585366	6.87	87	Europe & Central Asia
#C49A00	60.6091463414634	6.814	87	Europe & Central Asia
#C49A00	60.8569268292683	6.713	87	Europe & Central Asia
#C49A00	61.0851951219512	6.572	87	Europe & Central Asia
#C49A00	61.2963170731707	6.402	87	Europe & Central Asia
#C49A00	49.9940731707317	5.519	88	Europe & Central Asia
#C49A00	50.4820975609756	5.433	88	Europe & Central Asia
#C49A00	51.0307317073171	5.341	88	Europe & Central Asia
#C49A00	51.6254634146342	5.241	88	Europe & Central Asia
#C49A00	52.2582926829268	5.134	88	Europe & Central Asia
#C49A00	52.9227073170732	5.021	88	Europe & Central Asia
#C49A00	58.3378048780488	6.302	89	Europe & Central Asia
#C49A00	58.6248048780488	6.249	89	Europe & Central Asia
#C49A00	58.8838048780488	6.175	89	Europe & Central Asia
#C49A00	59.1188048780488	6.071	89	Europe & Central Asia
#C49A00	59.3378048780488	5.939	89	Europe & Central Asia
#C49A00	59.5508048780488	5.783	89	Europe & Central Asia
#C49A00	70.1869512195122	2.09	90	Europe & Central Asia
#C49A00	69.945	2.12	90	Europe & Central Asia
#C49A00	69.6997317073171	2.08	90	Europe & Central Asia
#C49A00	69.4647073170732	2.04	90	Europe & Central Asia
#C49A00	69.2560243902439	2.04	90	Europe & Central Asia
#C49A00	69.082756097561	2.02	90	Europe & Central Asia
#C49A00	71.9731707317073	2.437	91	Europe & Central Asia
#C49A00	72.2731707317073	2.408	91	Europe & Central Asia
#C49A00	72.1243902439024	2.204	91	Europe & Central Asia
#C49A00	72.3243902439024	2.036	91	Europe & Central Asia
#C49A00	72.5243902439024	1.92	91	Europe & Central Asia
#C49A00	72.7243902439024	1.81	91	Europe & Central Asia
#C49A00	62.7768292682927	6.492	92	Europe & Central Asia
#C49A00	63.0628536585366	6.422	92	Europe & Central Asia
#C49A00	63.3208780487805	6.338	92	Europe & Central Asia
#C49A00	63.5549024390244	6.237	92	Europe & Central Asia
#C49A00	63.7724390243902	6.119	92	Europe & Central Asia
#C49A00	63.9844390243903	5.983	92	Europe & Central Asia
#53B400	66.548512195122	3.073	94	Latin America & Caribbean
#53B400	66.8302926829268	3.104	94	Latin America & Caribbean
#53B400	67.1246097560976	3.148	94	Latin America & Caribbean
#53B400	67.4204390243903	3.203	94	Latin America & Caribbean
#53B400	67.7132682926829	3.264	94	Latin America & Caribbean
#53B400	68.0030731707317	3.321	94	Latin America & Caribbean
#53B400	69.0861463414634	2.908	95	Latin America & Caribbean
#53B400	69.4460975609756	2.788	95	Latin America & Caribbean
#53B400	69.7986585365854	2.691	95	Latin America & Caribbean
#53B400	70.1396585365854	2.613	95	Latin America & Caribbean
#53B400	70.4652926829268	2.552	95	Latin America & Caribbean
#53B400	70.7778048780488	2.506	95	Latin America & Caribbean
#53B400	66.1829024390244	3.531	96	Latin America & Caribbean
#53B400	66.3227073170732	3.504	96	Latin America & Caribbean
#53B400	66.4389756097561	3.469	96	Latin America & Caribbean
#53B400	66.5426585365854	3.411	96	Latin America & Caribbean
#53B400	66.6439512195122	3.33	96	Latin America & Caribbean
#53B400	66.7560487804878	3.234	96	Latin America & Caribbean
#53B400	68.487512195122	3.113	97	Latin America & Caribbean
#53B400	68.848512195122	2.949	97	Latin America & Caribbean
#53B400	69.22	2.794	97	Latin America & Caribbean
#53B400	69.5960243902439	2.648	97	Latin America & Caribbean
#53B400	69.9716097560976	2.513	97	Latin America & Caribbean
#53B400	70.3433170731707	2.393	97	Latin America & Caribbean
#53B400	66.0439512195122	6.299	98	Latin America & Caribbean
#53B400	66.512756097561	6.288	98	Latin America & Caribbean
#53B400	66.9684390243903	6.284	98	Latin America & Caribbean
#53B400	67.4126097560976	6.285	98	Latin America & Caribbean
#53B400	67.8458048780488	6.287	98	Latin America & Caribbean
#53B400	68.2665609756098	6.278	98	Latin America & Caribbean
#53B400	45.7510243902439	6.578	99	Latin America & Caribbean
#53B400	46.1218780487805	6.549	99	Latin America & Caribbean
#53B400	46.5489024390244	6.496	99	Latin America & Caribbean
#53B400	47.0406341463415	6.415	99	Latin America & Caribbean
#53B400	47.6000731707317	6.31	99	Latin America & Caribbean
#53B400	48.2261707317073	6.183	99	Latin America & Caribbean
#53B400	58.561	5.024	100	Latin America & Caribbean
#53B400	58.9388048780488	4.896	100	Latin America & Caribbean
#53B400	59.3203902439024	4.782	100	Latin America & Caribbean
#53B400	59.7048048780488	4.679	100	Latin America & Caribbean
#53B400	60.0944390243902	4.585	100	Latin America & Caribbean
#53B400	60.488512195122	4.499	100	Latin America & Caribbean
#53B400	62.1367073170732	4.023	102	Latin America & Caribbean
#53B400	62.7466097560976	3.851	102	Latin America & Caribbean
#53B400	63.3829756097561	3.679	102	Latin America & Caribbean
#53B400	64.0492682926829	3.504	102	Latin America & Caribbean
#53B400	64.743	3.33	102	Latin America & Caribbean
#53B400	65.4621463414634	3.163	102	Latin America & Caribbean
#53B400	60.8316829268293	5.599	103	Latin America & Caribbean
#53B400	61.164243902439	5.37	103	Latin America & Caribbean
#53B400	61.5095609756098	5.153	103	Latin America & Caribbean
#53B400	61.8756341463415	4.956	103	Latin America & Caribbean
#53B400	62.2693902439024	4.782	103	Latin America & Caribbean
#53B400	62.7040243902439	4.631	103	Latin America & Caribbean
#53B400	66.8489756097561	5.012	104	Latin America & Caribbean
#53B400	67.3510243902439	4.733	104	Latin America & Caribbean
#53B400	67.8722195121951	4.488	104	Latin America & Caribbean
#53B400	68.4140975609756	4.278	104	Latin America & Caribbean
#53B400	68.9766585365854	4.105	104	Latin America & Caribbean
#53B400	69.5594146341464	3.968	104	Latin America & Caribbean
#53B400	69.6756341463415	4.033	105	Latin America & Caribbean
#53B400	70.1656341463415	3.857	105	Latin America & Caribbean
#53B400	70.6360975609756	3.646	105	Latin America & Caribbean
#53B400	71.0925365853659	3.4	105	Latin America & Caribbean
#53B400	71.5319756097561	3.127	105	Latin America & Caribbean
#53B400	71.9519268292683	2.844	105	Latin America & Caribbean
#53B400	58.4365853658537	6.182	108	Latin America & Caribbean
#53B400	59.0063902439024	5.983	108	Latin America & Caribbean
#53B400	59.5522682926829	5.782	108	Latin America & Caribbean
#53B400	60.0717804878049	5.58	108	Latin America & Caribbean
#53B400	60.5663902439024	5.383	108	Latin America & Caribbean
#53B400	61.0320975609756	5.193	108	Latin America & Caribbean
#53B400	57.7759268292683	6.282	109	Latin America & Caribbean
#53B400	58.1997804878049	6.179	109	Latin America & Caribbean
#53B400	58.6400731707317	6.07	109	Latin America & Caribbean
#53B400	59.0947804878049	5.955	109	Latin America & Caribbean
#53B400	59.5683902439024	5.838	109	Latin America & Caribbean
#53B400	60.0643658536585	5.717	109	Latin America & Caribbean
#53B400	56.5555853658537	6.203	110	Latin America & Caribbean
#53B400	56.8096341463415	6.106	110	Latin America & Caribbean
#53B400	57.0045365853659	6.01	110	Latin America & Caribbean
#53B400	57.1433658536585	5.914	110	Latin America & Caribbean
#53B400	57.2321219512195	5.817	110	Latin America & Caribbean
#53B400	57.2617317073171	5.718	110	Latin America & Caribbean
#53B400	64.1178048780488	4.604	111	Latin America & Caribbean
#53B400	64.218	4.561	111	Latin America & Caribbean
#53B400	64.3186829268293	4.537	111	Latin America & Caribbean
#53B400	64.4183902439025	4.512	111	Latin America & Caribbean
#53B400	64.5185853658537	4.479	111	Latin America & Caribbean
#53B400	64.6137804878049	4.436	111	Latin America & Caribbean
#53B400	52.0479024390244	6.235	112	Latin America & Caribbean
#53B400	52.7732195121951	6.219	112	Latin America & Caribbean
#53B400	53.460487804878	6.208	112	Latin America & Caribbean
#53B400	54.0957317073171	6.203	112	Latin America & Caribbean
#53B400	54.6724390243903	6.201	112	Latin America & Caribbean
#53B400	55.1896097560976	6.201	112	Latin America & Caribbean
#53B400	56.1304878048781	5.573	113	Latin America & Caribbean
#53B400	56.5515365853659	5.33	113	Latin America & Caribbean
#53B400	56.9659512195122	5.076	113	Latin America & Caribbean
#53B400	57.3602926829268	4.828	113	Latin America & Caribbean
#53B400	57.7275609756098	4.595	113	Latin America & Caribbean
#53B400	58.0670487804878	4.383	113	Latin America & Caribbean
#53B400	47.0819756097561	5.762	114	Latin America & Caribbean
#53B400	47.4440731707317	5.693	114	Latin America & Caribbean
#53B400	47.7953902439024	5.643	114	Latin America & Caribbean
#53B400	48.1459268292683	5.616	114	Latin America & Caribbean
#53B400	48.5021951219512	5.615	114	Latin America & Caribbean
#53B400	48.8693414634146	5.642	114	Latin America & Caribbean
#53B400	52.4399024390244	7.27	115	Latin America & Caribbean
#53B400	53.0417317073171	7.195	115	Latin America & Caribbean
#53B400	53.6640975609756	7.111	115	Latin America & Caribbean
#53B400	54.3095365853659	7.025	115	Latin America & Caribbean
#53B400	54.9800487804878	6.935	115	Latin America & Caribbean
#53B400	55.6771219512195	6.844	115	Latin America & Caribbean
#53B400	68.1910487804878	5.477	116	Latin America & Caribbean
#53B400	68.4577073170732	5.305	116	Latin America & Caribbean
#53B400	68.7057317073171	5.108	116	Latin America & Caribbean
#53B400	68.9351463414634	4.899	116	Latin America & Caribbean
#53B400	69.1494634146341	4.685	116	Latin America & Caribbean
#53B400	69.3587317073171	4.478	116	Latin America & Caribbean
#53B400	61.3266585365854	6.72	117	Latin America & Caribbean
#53B400	61.7976341463415	6.643	117	Latin America & Caribbean
#53B400	62.301243902439	6.525	117	Latin America & Caribbean
#53B400	62.8285853658537	6.364	117	Latin America & Caribbean
#53B400	63.373756097561	6.164	117	Latin America & Caribbean
#53B400	63.9288536585366	5.932	117	Latin America & Caribbean
#53B400	53.5980487804878	6.892	118	Latin America & Caribbean
#53B400	54.2446585365854	6.855	118	Latin America & Caribbean
#53B400	54.8616097560976	6.807	118	Latin America & Caribbean
#53B400	55.4423414634146	6.748	118	Latin America & Caribbean
#53B400	55.9833902439024	6.678	118	Latin America & Caribbean
#53B400	56.4802926829268	6.597	118	Latin America & Caribbean
#53B400	65.2996097560976	5.322	119	Latin America & Caribbean
#53B400	65.7527804878049	5.174	119	Latin America & Caribbean
#53B400	66.2227073170732	5.012	119	Latin America & Caribbean
#53B400	66.7094390243903	4.84	119	Latin America & Caribbean
#53B400	67.2090243902439	4.662	119	Latin America & Caribbean
#53B400	67.7130487804878	4.484	119	Latin America & Caribbean
#53B400	65.3941219512195	5.739	120	Latin America & Caribbean
#53B400	65.5677317073171	5.589	120	Latin America & Caribbean
#53B400	65.7349024390244	5.456	120	Latin America & Caribbean
#53B400	65.8907317073171	5.347	120	Latin America & Caribbean
#53B400	66.0327804878049	5.267	120	Latin America & Caribbean
#53B400	66.162512195122	5.217	120	Latin America & Caribbean
#53B400	53.3681951219512	6.307	121	Latin America & Caribbean
#53B400	54.1637073170732	6.192	121	Latin America & Caribbean
#53B400	54.9481463414634	6.073	121	Latin America & Caribbean
#53B400	55.6955365853659	5.952	121	Latin America & Caribbean
#53B400	56.3939512195122	5.828	121	Latin America & Caribbean
#53B400	57.0433658536585	5.702	121	Latin America & Caribbean
#53B400	71.6235853658537	3.146	122	Latin America & Caribbean
#53B400	71.9269512195122	3.068	122	Latin America & Caribbean
#53B400	72.2211707317073	3.006	122	Latin America & Caribbean
#53B400	72.5028780487805	2.955	122	Latin America & Caribbean
#53B400	72.7680731707317	2.908	122	Latin America & Caribbean
#53B400	73.0092682926829	2.864	122	Latin America & Caribbean
#53B400	63.6061463414634	6.101	125	Latin America & Caribbean
#53B400	64.127243902439	5.953	125	Latin America & Caribbean
#53B400	64.6343658536585	5.813	125	Latin America & Caribbean
#53B400	65.1370243902439	5.686	125	Latin America & Caribbean
#53B400	65.641243902439	5.571	125	Latin America & Caribbean
#53B400	66.1578780487805	5.462	125	Latin America & Caribbean
#53B400	60.4384878048781	6.014	127	Latin America & Caribbean
#53B400	60.8723170731707	5.828	127	Latin America & Caribbean
#53B400	61.3367804878049	5.629	127	Latin America & Caribbean
#53B400	61.8438048780488	5.417	127	Latin America & Caribbean
#53B400	62.3928536585366	5.197	127	Latin America & Caribbean
#53B400	62.975243902439	4.973	127	Latin America & Caribbean
#53B400	63.2722682926829	5.653	128	Latin America & Caribbean
#53B400	63.5756341463415	5.504	128	Latin America & Caribbean
#53B400	63.8558292682927	5.336	128	Latin America & Caribbean
#53B400	64.1153902439025	5.148	128	Latin America & Caribbean
#53B400	64.3588048780488	4.945	128	Latin America & Caribbean
#53B400	64.5963414634146	4.735	128	Latin America & Caribbean
#53B400	65.3004146341464	3.535	129	Latin America & Caribbean
#53B400	65.4343902439024	3.476	129	Latin America & Caribbean
#53B400	65.5954878048781	3.444	129	Latin America & Caribbean
#53B400	65.7741463414634	3.426	129	Latin America & Caribbean
#53B400	65.9692926829268	3.417	129	Latin America & Caribbean
#53B400	66.1781951219512	3.411	129	Latin America & Caribbean
#53B400	68.5887317073171	2.902	131	Latin America & Caribbean
#53B400	68.6342682926829	2.938	131	Latin America & Caribbean
#53B400	68.7037073170732	2.969	131	Latin America & Caribbean
#53B400	68.7970487804878	2.988	131	Latin America & Caribbean
#53B400	68.9193170731707	2.993	131	Latin America & Caribbean
#53B400	69.0725609756098	2.981	131	Latin America & Caribbean
#53B400	63.8346585365854	5.404	132	Latin America & Caribbean
#53B400	64.3171463414634	5.219	132	Latin America & Caribbean
#53B400	64.8018048780488	5.053	132	Latin America & Caribbean
#53B400	65.2896341463415	4.905	132	Latin America & Caribbean
#53B400	65.7766341463415	4.779	132	Latin America & Caribbean
#53B400	66.2543170731707	4.67	132	Latin America & Caribbean
#53B400	67.7448292682927	5.21	133	Latin America & Caribbean
#53B400	68.1648780487805	5.125	133	Latin America & Caribbean
#53B400	68.5805609756098	5.028	133	Latin America & Caribbean
#53B400	68.9904878048781	4.92	133	Latin America & Caribbean
#53B400	69.3911707317073	4.802	133	Latin America & Caribbean
#53B400	69.7781707317073	4.677	133	Latin America & Caribbean
#00C094	52.9180243902439	7.398	134	Middle East & North Africa
#00C094	53.5412926829268	7.398	134	Middle East & North Africa
#00C094	54.1790731707317	7.394	134	Middle East & North Africa
#00C094	54.8353170731707	7.384	134	Middle East & North Africa
#00C094	55.509512195122	7.364	134	Middle East & North Africa
#00C094	56.1955609756098	7.332	134	Middle East & North Africa
#00C094	63.8683902439025	6.498	135	Middle East & North Africa
#00C094	64.6892195121951	6.293	135	Middle East & North Africa
#00C094	65.4454878048781	6.089	135	Middle East & North Africa
#00C094	66.1482682926829	5.895	135	Middle East & North Africa
#00C094	66.8015609756098	5.716	135	Middle East & North Africa
#00C094	67.4118780487805	5.556	135	Middle East & North Africa
#00C094	43.2540731707317	7.415	136	Middle East & North Africa
#00C094	43.7041463414634	7.332	136	Middle East & North Africa
#00C094	44.1437804878049	7.244	136	Middle East & North Africa
#00C094	44.5749756097561	7.156	136	Middle East & North Africa
#00C094	45.0016829268293	7.068	136	Middle East & North Africa
#00C094	45.4339268292683	6.985	136	Middle East & North Africa
#00C094	50.4523902439025	5.94	137	Middle East & North Africa
#00C094	50.954512195122	5.846	137	Middle East & North Africa
#00C094	51.4764146341463	5.763	137	Middle East & North Africa
#00C094	52.0190975609756	5.692	137	Middle East & North Africa
#00C094	52.5810975609756	5.633	137	Middle East & North Africa
#00C094	53.1604634146342	5.585	137	Middle East & North Africa
#00C094	51.2456829268293	6.451	138	Middle East & North Africa
#00C094	51.9446585365854	6.365	138	Middle East & North Africa
#00C094	52.7490487804878	6.293	138	Middle East & North Africa
#00C094	53.6267073170732	6.24	138	Middle East & North Africa
#00C094	54.5114146341463	6.209	138	Middle East & North Africa
#00C094	55.2263658536585	6.204	138	Middle East & North Africa
#00C094	57.6951219512195	7.362	139	Middle East & North Africa
#00C094	58.3721951219512	7.308	139	Middle East & North Africa
#00C094	59.0554390243902	7.234	139	Middle East & North Africa
#00C094	59.7204634146342	7.153	139	Middle East & North Africa
#00C094	60.3228780487805	7.072	139	Middle East & North Africa
#00C094	60.7249512195122	6.993	139	Middle East & North Africa
#00C094	71.2134146341463	3.778	140	Middle East & North Africa
#00C094	71.7190243902439	3.774	140	Middle East & North Africa
#00C094	71.0780487804878	3.77	140	Middle East & North Africa
#00C094	71.6934146341464	3.698	140	Middle East & North Africa
#00C094	71.6617073170732	3.626	140	Middle East & North Africa
#00C094	72.0451219512195	3.554	140	Middle East & North Africa
#00C094	60.9279024390244	7.926	141	Middle East & North Africa
#00C094	61.6336585365854	7.876	141	Middle East & North Africa
#00C094	62.33	7.818	141	Middle East & North Africa
#00C094	63.0123902439024	7.75	141	Middle East & North Africa
#00C094	63.6753902439024	7.675	141	Middle East & North Africa
#00C094	64.3139512195122	7.596	141	Middle East & North Africa
#00C094	66.8323658536585	7.241	142	Middle East & North Africa
#00C094	67.2523170731707	7.123	142	Middle East & North Africa
#00C094	67.6563902439025	6.975	142	Middle East & North Africa
#00C094	68.0461219512195	6.805	142	Middle East & North Africa
#00C094	68.423512195122	6.617	142	Middle East & North Africa
#00C094	68.7905609756098	6.421	142	Middle East & North Africa
#00C094	64.7725365853659	5.068	143	Middle East & North Africa
#00C094	65.0518536585366	4.956	143	Middle East & North Africa
#00C094	65.2990731707317	4.845	143	Middle East & North Africa
#00C094	65.5111951219512	4.737	143	Middle East & North Africa
#00C094	65.690756097561	4.634	143	Middle East & North Africa
#00C094	65.8452926829268	4.536	143	Middle East & North Africa
#00C094	51.4664390243903	7.573	144	Middle East & North Africa
#00C094	52.024756097561	7.586	144	Middle East & North Africa
#00C094	52.6626097560976	7.584	144	Middle East & North Africa
#00C094	53.3880243902439	7.569	144	Middle East & North Africa
#00C094	54.2004878048781	7.543	144	Middle East & North Africa
#00C094	55.093	7.511	144	Middle East & North Africa
#00C094	70.4433170731707	2.025	145	Middle East & North Africa
#00C094	70.7047073170732	2.06	145	Middle East & North Africa
#00C094	70.9626097560976	2.007	145	Middle East & North Africa
#00C094	71.218512195122	1.649	145	Middle East & North Africa
#00C094	71.4709268292683	1.64	145	Middle East & North Africa
#00C094	71.7208536585366	2.274	145	Middle East & North Africa
#00C094	51.5046341463415	7.06	146	Middle East & North Africa
#00C094	52.0029268292683	6.996	146	Middle East & North Africa
#00C094	52.5041951219512	6.897	146	Middle East & North Africa
#00C094	53.0134634146342	6.765	146	Middle East & North Africa
#00C094	53.538243902439	6.602	146	Middle East & North Africa
#00C094	54.0935609756098	6.42	146	Middle East & North Africa
#00C094	50.473512195122	7.311	147	Middle East & North Africa
#00C094	51.4934146341463	7.35	147	Middle East & North Africa
#00C094	52.5243414634146	7.414	147	Middle East & North Africa
#00C094	53.5567804878049	7.504	147	Middle East & North Africa
#00C094	54.585243902439	7.617	147	Middle East & North Africa
#00C094	55.6087073170732	7.747	147	Middle East & North Africa
#00C094	66.1484390243902	6.918	148	Middle East & North Africa
#00C094	66.7710487804878	6.866	148	Middle East & North Africa
#00C094	67.3811219512195	6.794	148	Middle East & North Africa
#00C094	67.9721707317073	6.703	148	Middle East & North Africa
#00C094	68.5381707317073	6.595	148	Middle East & North Africa
#00C094	69.0741463414634	6.473	148	Middle East & North Africa
#00C094	52.4329268292683	7.28	149	Middle East & North Africa
#00C094	53.4006829268293	7.289	149	Middle East & North Africa
#00C094	54.3988292682927	7.299	149	Middle East & North Africa
#00C094	55.4173902439024	7.307	149	Middle East & North Africa
#00C094	56.4452682926829	7.312	149	Middle East & North Africa
#00C094	57.4718292682927	7.313	149	Middle East & North Africa
#00C094	60.0121219512195	7.572	150	Middle East & North Africa
#00C094	60.7451463414634	7.566	150	Middle East & North Africa
#00C094	61.4536585365854	7.556	150	Middle East & North Africa
#00C094	62.1331219512195	7.537	150	Middle East & North Africa
#00C094	62.7805609756098	7.51	150	Middle East & North Africa
#00C094	63.396487804878	7.472	150	Middle East & North Africa
#00C094	53.7004146341463	6.565	151	Middle East & North Africa
#00C094	54.4230243902439	6.432	151	Middle East & North Africa
#00C094	55.1885609756098	6.304	151	Middle East & North Africa
#00C094	55.988	6.182	151	Middle East & North Africa
#00C094	56.8168536585366	6.068	151	Middle East & North Africa
#00C094	57.6712195121951	5.958	151	Middle East & North Africa
#00C094	62.5194878048781	6.605	152	Middle East & North Africa
#00C094	63.373	6.512	152	Middle East & North Africa
#00C094	64.1599512195122	6.402	152	Middle East & North Africa
#00C094	64.8883170731707	6.279	152	Middle East & North Africa
#00C094	65.5626341463415	6.146	152	Middle East & North Africa
#00C094	66.1853902439024	6.009	152	Middle East & North Africa
#00C094	40.2549756097561	7.542	154	Middle East & North Africa
#00C094	40.6207317073171	7.593	154	Middle East & North Africa
#00C094	41.1089756097561	7.672	154	Middle East & North Africa
#00C094	41.7361951219512	7.782	154	Middle East & North Africa
#00C094	42.5039024390244	7.922	154	Middle East & North Africa
#00C094	43.4045853658537	8.089	154	Middle East & North Africa
#00B6EB	72.7004878048781	2.258	156	North America
#00B6EB	73.0292682926829	2.141	156	North America
#00B6EB	72.9339024390244	1.98	156	North America
#00B6EB	73.1626829268293	1.89	156	North America
#00B6EB	73.2375609756098	1.837	156	North America
#00B6EB	73.5217073170732	1.824	156	North America
#00B6EB	70.8073170731707	2.48	157	North America
#00B6EB	71.1073170731707	2.266	157	North America
#00B6EB	71.1560975609756	2.01	157	North America
#00B6EB	71.3560975609756	1.879	157	North America
#00B6EB	71.9560975609756	1.835	157	North America
#00B6EB	72.6048780487805	1.774	157	North America
#A58AFF	35.0559756097561	7.7	158	South Asia
#A58AFF	35.4814146341463	7.699	158	South Asia
#A58AFF	35.9168780487805	7.697	158	South Asia
#A58AFF	36.3613170731707	7.695	158	South Asia
#A58AFF	36.8107317073171	7.693	158	South Asia
#A58AFF	37.2571219512195	7.692	158	South Asia
#A58AFF	41.8859512195122	6.945	159	South Asia
#A58AFF	39.9328780487805	6.942	159	South Asia
#A58AFF	38.9699024390244	6.931	159	South Asia
#A58AFF	39.2523658536585	6.91	159	South Asia
#A58AFF	40.787756097561	6.877	159	South Asia
#A58AFF	43.3347804878049	6.831	159	South Asia
#A58AFF	40.5863658536585	6.671	160	South Asia
#A58AFF	41.072	6.674	160	South Asia
#A58AFF	41.5821219512195	6.679	160	South Asia
#A58AFF	42.115756097561	6.685	160	South Asia
#A58AFF	42.6708780487805	6.69	160	South Asia
#A58AFF	43.2459756097561	6.692	160	South Asia
#A58AFF	49.1476341463415	5.494	161	South Asia
#A58AFF	49.8200975609756	5.41	161	South Asia
#A58AFF	50.5047317073171	5.323	161	South Asia
#A58AFF	51.1985609756098	5.238	161	South Asia
#A58AFF	51.8961463414634	5.156	161	South Asia
#A58AFF	52.5806097560976	5.077	161	South Asia
#A58AFF	44.2064146341463	7.227	162	South Asia
#A58AFF	44.9276097560976	7.201	162	South Asia
#A58AFF	45.6390243902439	7.159	162	South Asia
#A58AFF	46.3516585365854	7.103	162	South Asia
#A58AFF	47.0744390243903	7.04	162	South Asia
#A58AFF	47.8337804878049	6.981	162	South Asia
#A58AFF	42.6666341463415	6.065	163	South Asia
#A58AFF	43.1750975609756	6.055	163	South Asia
#A58AFF	43.6979512195122	6.043	163	South Asia
#A58AFF	44.2330975609756	6.029	163	South Asia
#A58AFF	44.778487804878	6.011	163	South Asia
#A58AFF	45.3301219512195	5.99	163	South Asia
#A58AFF	53.2014634146341	6.601	164	South Asia
#A58AFF	53.8020487804878	6.602	164	South Asia
#A58AFF	54.3793658536585	6.605	164	South Asia
#A58AFF	54.9284146341464	6.608	164	South Asia
#A58AFF	55.4466829268293	6.611	164	South Asia
#A58AFF	55.9317073170732	6.612	164	South Asia
#A58AFF	62.7087804878049	4.342	165	South Asia
#A58AFF	63.3099512195122	4.208	165	South Asia
#A58AFF	63.898487804878	4.083	165	South Asia
#A58AFF	64.4704146341464	3.97	165	South Asia
#A58AFF	65.0226829268293	3.87	165	South Asia
#A58AFF	65.5611463414634	3.783	165	South Asia
#FB61D7	37.0114146341463	7.301	166	Sub-Saharan Africa
#FB61D7	37.4192926829268	7.264	166	Sub-Saharan Africa
#FB61D7	37.8262195121951	7.232	166	Sub-Saharan Africa
#FB61D7	38.2276585365854	7.208	166	Sub-Saharan Africa
#FB61D7	38.6156585365854	7.192	166	Sub-Saharan Africa
#FB61D7	38.979243902439	7.185	166	Sub-Saharan Africa
#FB61D7	39.7900975609756	6.748	167	Sub-Saharan Africa
#FB61D7	40.4805609756098	6.786	167	Sub-Saharan Africa
#FB61D7	41.1709024390244	6.823	167	Sub-Saharan Africa
#FB61D7	41.8348780487805	6.86	167	Sub-Saharan Africa
#FB61D7	42.4575853658537	6.896	167	Sub-Saharan Africa
#FB61D7	43.0276097560976	6.929	167	Sub-Saharan Africa
#FB61D7	54.4444634146342	6.641	168	Sub-Saharan Africa
#FB61D7	55.0094146341463	6.611	168	Sub-Saharan Africa
#FB61D7	55.6137317073171	6.579	168	Sub-Saharan Africa
#FB61D7	56.246	6.546	168	Sub-Saharan Africa
#FB61D7	56.8957317073171	6.512	168	Sub-Saharan Africa
#FB61D7	57.5469756097561	6.477	168	Sub-Saharan Africa
#FB61D7	40.9011219512195	6.624	169	Sub-Saharan Africa
#FB61D7	41.4385609756098	6.658	169	Sub-Saharan Africa
#FB61D7	41.9839756097561	6.7	169	Sub-Saharan Africa
#FB61D7	42.5334146341463	6.75	169	Sub-Saharan Africa
#FB61D7	43.0833658536585	6.807	169	Sub-Saharan Africa
#FB61D7	43.6348048780488	6.868	169	Sub-Saharan Africa
#FB61D7	43.7059268292683	6.802	170	Sub-Saharan Africa
#FB61D7	43.8344390243903	6.805	170	Sub-Saharan Africa
#FB61D7	43.9979756097561	6.811	170	Sub-Saharan Africa
#FB61D7	44.2140243902439	6.817	170	Sub-Saharan Africa
#FB61D7	44.4880487804878	6.823	170	Sub-Saharan Africa
#FB61D7	44.822	6.823	170	Sub-Saharan Africa
#FB61D7	46.0763902439024	6.208	171	Sub-Saharan Africa
#FB61D7	46.599	6.247	171	Sub-Saharan Africa
#FB61D7	47.1336829268293	6.283	171	Sub-Saharan Africa
#FB61D7	47.6740487804878	6.315	171	Sub-Saharan Africa
#FB61D7	48.2146097560976	6.343	171	Sub-Saharan Africa
#FB61D7	48.7498780487805	6.366	171	Sub-Saharan Africa
#FB61D7	52.5990243902439	6.935	172	Sub-Saharan Africa
#FB61D7	53.4050975609756	6.913	172	Sub-Saharan Africa
#FB61D7	54.2333902439024	6.887	172	Sub-Saharan Africa
#FB61D7	55.0495365853659	6.855	172	Sub-Saharan Africa
#FB61D7	55.8353414634146	6.818	172	Sub-Saharan Africa
#FB61D7	56.578243902439	6.771	172	Sub-Saharan Africa
#FB61D7	41.9419268292683	5.954	173	Sub-Saharan Africa
#FB61D7	42.7114634146342	5.954	173	Sub-Saharan Africa
#FB61D7	43.503	5.953	173	Sub-Saharan Africa
#FB61D7	44.2975609756098	5.952	173	Sub-Saharan Africa
#FB61D7	45.0796585365854	5.951	173	Sub-Saharan Africa
#FB61D7	45.832756097561	5.95	173	Sub-Saharan Africa
#FB61D7	43.9302926829268	6.498	174	Sub-Saharan Africa
#FB61D7	44.2620731707317	6.538	174	Sub-Saharan Africa
#FB61D7	44.5968292682927	6.578	174	Sub-Saharan Africa
#FB61D7	44.9415853658537	6.617	174	Sub-Saharan Africa
#FB61D7	45.2998780487805	6.652	174	Sub-Saharan Africa
#FB61D7	45.678756097561	6.683	174	Sub-Saharan Africa
#FB61D7	47.7073170731707	7.061	175	Sub-Saharan Africa
#FB61D7	48.1960975609756	7.06	175	Sub-Saharan Africa
#FB61D7	48.6736585365854	7.058	175	Sub-Saharan Africa
#FB61D7	49.1326829268293	7.055	175	Sub-Saharan Africa
#FB61D7	49.5707317073171	7.052	175	Sub-Saharan Africa
#FB61D7	49.9868292682927	7.054	175	Sub-Saharan Africa
#FB61D7	43.8569024390244	6.214	176	Sub-Saharan Africa
#FB61D7	44.1933902439024	6.242	176	Sub-Saharan Africa
#FB61D7	44.4953902439024	6.271	176	Sub-Saharan Africa
#FB61D7	44.7539024390244	6.301	176	Sub-Saharan Africa
#FB61D7	44.9674390243902	6.333	176	Sub-Saharan Africa
#FB61D7	45.1399756097561	6.366	176	Sub-Saharan Africa
#FB61D7	53.4365853658537	6.259	177	Sub-Saharan Africa
#FB61D7	53.7786829268293	6.28	177	Sub-Saharan Africa
#FB61D7	54.1023414634146	6.297	177	Sub-Saharan Africa
#FB61D7	54.409	6.312	177	Sub-Saharan Africa
#FB61D7	54.7000975609756	6.321	177	Sub-Saharan Africa
#FB61D7	54.9791707317073	6.325	177	Sub-Saharan Africa
#FB61D7	43.9085365853659	7.908	178	Sub-Saharan Africa
#FB61D7	44.6926097560976	7.927	178	Sub-Saharan Africa
#FB61D7	45.5173902439024	7.937	178	Sub-Saharan Africa
#FB61D7	46.3500487804878	7.94	178	Sub-Saharan Africa
#FB61D7	47.1681219512195	7.934	178	Sub-Saharan Africa
#FB61D7	47.9595609756098	7.917	178	Sub-Saharan Africa
#FB61D7	39.7438536585366	5.678	179	Sub-Saharan Africa
#FB61D7	40.0468536585366	5.681	179	Sub-Saharan Africa
#FB61D7	40.3473658536585	5.68	179	Sub-Saharan Africa
#FB61D7	40.6473902439024	5.677	179	Sub-Saharan Africa
#FB61D7	40.9469024390244	5.675	179	Sub-Saharan Africa
#FB61D7	41.2463658536585	5.674	179	Sub-Saharan Africa
#FB61D7	43.317	6.602	180	Sub-Saharan Africa
#FB61D7	43.6743658536585	6.569	180	Sub-Saharan Africa
#FB61D7	43.9723170731707	6.542	180	Sub-Saharan Africa
#FB61D7	44.2003414634146	6.52	180	Sub-Saharan Africa
#FB61D7	44.3559024390244	6.505	180	Sub-Saharan Africa
#FB61D7	44.4299512195122	6.497	180	Sub-Saharan Africa
#FB61D7	42.9285853658537	6.84	181	Sub-Saharan Africa
#FB61D7	43.2147317073171	6.825	181	Sub-Saharan Africa
#FB61D7	43.4958536585366	6.81	181	Sub-Saharan Africa
#FB61D7	43.7659268292683	6.794	181	Sub-Saharan Africa
#FB61D7	44.0164634146342	6.78	181	Sub-Saharan Africa
#FB61D7	44.217	6.769	181	Sub-Saharan Africa
#FB61D7	46.6358780487805	4.704	182	Sub-Saharan Africa
#FB61D7	47.4603658536585	4.781	182	Sub-Saharan Africa
#FB61D7	48.2733658536585	4.854	182	Sub-Saharan Africa
#FB61D7	49.0828780487805	4.919	182	Sub-Saharan Africa
#FB61D7	49.8903902439024	4.976	182	Sub-Saharan Africa
#FB61D7	50.6999024390244	5.023	182	Sub-Saharan Africa
#FB61D7	38.2423658536585	6.093	183	Sub-Saharan Africa
#FB61D7	39.2116097560976	6.141	183	Sub-Saharan Africa
#FB61D7	40.2113902439024	6.185	183	Sub-Saharan Africa
#FB61D7	41.2051707317073	6.226	183	Sub-Saharan Africa
#FB61D7	42.1739512195122	6.262	183	Sub-Saharan Africa
#FB61D7	43.1097317073171	6.293	183	Sub-Saharan Africa
#FB61D7	48.9089512195122	6.95	184	Sub-Saharan Africa
#FB61D7	49.3447317073171	6.936	184	Sub-Saharan Africa
#FB61D7	49.8064146341463	6.915	184	Sub-Saharan Africa
#FB61D7	50.277756097561	6.888	184	Sub-Saharan Africa
#FB61D7	50.7479024390244	6.855	184	Sub-Saharan Africa
#FB61D7	51.2058536585366	6.815	184	Sub-Saharan Africa
#FB61D7	33.9579268292683	6.844	185	Sub-Saharan Africa
#FB61D7	34.358512195122	6.852	185	Sub-Saharan Africa
#FB61D7	34.8026585365854	6.858	185	Sub-Saharan Africa
#FB61D7	35.2765609756098	6.865	185	Sub-Saharan Africa
#FB61D7	35.7712682926829	6.872	185	Sub-Saharan Africa
#FB61D7	36.2787317073171	6.882	185	Sub-Saharan Africa
#FB61D7	37.2088048780488	6.071	186	Sub-Saharan Africa
#FB61D7	37.4623170731707	6.489	186	Sub-Saharan Africa
#FB61D7	37.7023170731707	6.812	186	Sub-Saharan Africa
#FB61D7	37.9318048780488	6.984	186	Sub-Saharan Africa
#FB61D7	38.1568048780488	6.993	186	Sub-Saharan Africa
#FB61D7	38.3902926829268	6.866	186	Sub-Saharan Africa
#FB61D7	52.2365853658537	8.081	187	Sub-Saharan Africa
#FB61D7	52.814243902439	8.051	187	Sub-Saharan Africa
#FB61D7	53.3859512195122	8.012	187	Sub-Saharan Africa
#FB61D7	53.945756097561	7.963	187	Sub-Saharan Africa
#FB61D7	54.4921463414634	7.905	187	Sub-Saharan Africa
#FB61D7	55.0311219512195	7.84	187	Sub-Saharan Africa
#FB61D7	48.8984634146342	5.808	188	Sub-Saharan Africa
#FB61D7	49.1701219512195	5.807	188	Sub-Saharan Africa
#FB61D7	49.4942682926829	5.802	188	Sub-Saharan Africa
#FB61D7	49.8653902439024	5.794	188	Sub-Saharan Africa
#FB61D7	50.2839512195122	5.78	188	Sub-Saharan Africa
#FB61D7	50.7529756097561	5.761	188	Sub-Saharan Africa
#FB61D7	41.3114146341463	6.695	189	Sub-Saharan Africa
#FB61D7	41.6853414634146	6.736	189	Sub-Saharan Africa
#FB61D7	42.0617317073171	6.777	189	Sub-Saharan Africa
#FB61D7	42.4340487804878	6.815	189	Sub-Saharan Africa
#FB61D7	42.7902682926829	6.849	189	Sub-Saharan Africa
#FB61D7	43.1158780487805	6.88	189	Sub-Saharan Africa
#FB61D7	43.8996097560976	7.325	190	Sub-Saharan Africa
#FB61D7	44.2952682926829	7.325	190	Sub-Saharan Africa
#FB61D7	44.6895609756098	7.318	190	Sub-Saharan Africa
#FB61D7	45.0855853658537	7.3	190	Sub-Saharan Africa
#FB61D7	45.4849024390244	7.269	190	Sub-Saharan Africa
#FB61D7	45.8969756097561	7.216	190	Sub-Saharan Africa
#FB61D7	40.5492195121951	7.309	191	Sub-Saharan Africa
#FB61D7	40.9903902439024	7.35	191	Sub-Saharan Africa
#FB61D7	41.4235365853659	7.389	191	Sub-Saharan Africa
#FB61D7	41.8341707317073	7.425	191	Sub-Saharan Africa
#FB61D7	42.2147804878049	7.457	191	Sub-Saharan Africa
#FB61D7	42.5688292682927	7.481	191	Sub-Saharan Africa
#FB61D7	34.4959512195122	6.901	192	Sub-Saharan Africa
#FB61D7	35.0361219512195	6.913	192	Sub-Saharan Africa
#FB61D7	35.5683414634146	6.924	192	Sub-Saharan Africa
#FB61D7	36.0956341463415	6.937	192	Sub-Saharan Africa
#FB61D7	36.6154390243902	6.951	192	Sub-Saharan Africa
#FB61D7	37.1268048780488	6.966	192	Sub-Saharan Africa
#FB61D7	46.8583170731707	6.784	193	Sub-Saharan Africa
#FB61D7	47.5782926829268	6.774	193	Sub-Saharan Africa
#FB61D7	48.2968048780488	6.759	193	Sub-Saharan Africa
#FB61D7	48.9883658536585	6.739	193	Sub-Saharan Africa
#FB61D7	49.6409756097561	6.713	193	Sub-Saharan Africa
#FB61D7	50.2526341463415	6.681	193	Sub-Saharan Africa
#FB61D7	63.119	3.952	194	Sub-Saharan Africa
#FB61D7	63.2572195121951	3.741	194	Sub-Saharan Africa
#FB61D7	63.448243902439	3.575	194	Sub-Saharan Africa
#FB61D7	63.6997317073171	3.444	194	Sub-Saharan Africa
#FB61D7	64.0200731707317	3.341	194	Sub-Saharan Africa
#FB61D7	64.4150487804878	3.255	194	Sub-Saharan Africa
#FB61D7	39.2158292682927	6.591	195	Sub-Saharan Africa
#FB61D7	39.6799756097561	6.586	195	Sub-Saharan Africa
#FB61D7	40.1611463414634	6.58	195	Sub-Saharan Africa
#FB61D7	40.6478780487805	6.572	195	Sub-Saharan Africa
#FB61D7	41.1261463414634	6.564	195	Sub-Saharan Africa
#FB61D7	41.575	6.554	195	Sub-Saharan Africa
#FB61D7	52.5273170731707	6.459	196	Sub-Saharan Africa
#FB61D7	53.0635609756098	6.517	196	Sub-Saharan Africa
#FB61D7	53.596243902439	6.57	196	Sub-Saharan Africa
#FB61D7	54.1233902439024	6.613	196	Sub-Saharan Africa
#FB61D7	54.646	6.642	196	Sub-Saharan Africa
#FB61D7	55.1675609756098	6.654	196	Sub-Saharan Africa
#FB61D7	38.2870487804878	7.423	197	Sub-Saharan Africa
#FB61D7	38.3670487804878	7.46	197	Sub-Saharan Africa
#FB61D7	38.4605365853659	7.495	197	Sub-Saharan Africa
#FB61D7	38.5650243902439	7.526	197	Sub-Saharan Africa
#FB61D7	38.6809756097561	7.554	197	Sub-Saharan Africa
#FB61D7	38.8074146341464	7.579	197	Sub-Saharan Africa
#FB61D7	42.3694634146342	6.471	198	Sub-Saharan Africa
#FB61D7	42.7811219512195	6.522	198	Sub-Saharan Africa
#FB61D7	43.1811707317073	6.575	198	Sub-Saharan Africa
#FB61D7	43.5619756097561	6.625	198	Sub-Saharan Africa
#FB61D7	43.918512195122	6.669	198	Sub-Saharan Africa
#FB61D7	44.2473170731707	6.706	198	Sub-Saharan Africa
#FB61D7	44.2832926829268	8.143	199	Sub-Saharan Africa
#FB61D7	44.3679024390244	8.163	199	Sub-Saharan Africa
#FB61D7	44.4476341463415	8.183	199	Sub-Saharan Africa
#FB61D7	44.5419268292683	8.203	199	Sub-Saharan Africa
#FB61D7	44.6718048780488	8.219	199	Sub-Saharan Africa
#FB61D7	44.8971951219512	8.234	199	Sub-Saharan Africa
#FB61D7	55.4714634146342	6.468	200	Sub-Saharan Africa
#FB61D7	55.8963658536585	6.49	200	Sub-Saharan Africa
#FB61D7	56.3463170731707	6.51	200	Sub-Saharan Africa
#FB61D7	56.8208048780488	6.525	200	Sub-Saharan Africa
#FB61D7	57.3118048780488	6.534	200	Sub-Saharan Africa
#FB61D7	57.8001219512195	6.535	200	Sub-Saharan Africa
#FB61D7	40.7495365853659	7.375	201	Sub-Saharan Africa
#FB61D7	41.1554146341463	7.415	201	Sub-Saharan Africa
#FB61D7	41.6312926829268	7.447	201	Sub-Saharan Africa
#FB61D7	42.1732195121951	7.474	201	Sub-Saharan Africa
#FB61D7	42.7781463414634	7.494	201	Sub-Saharan Africa
#FB61D7	43.4430731707317	7.507	201	Sub-Saharan Africa
#FB61D7	35.1521951219512	5.872	203	Sub-Saharan Africa
#FB61D7	35.7394878048781	5.828	203	Sub-Saharan Africa
#FB61D7	36.3916097560976	5.785	203	Sub-Saharan Africa
#FB61D7	37.1046829268293	5.747	203	Sub-Saharan Africa
#FB61D7	37.8687804878049	5.713	203	Sub-Saharan Africa
#FB61D7	38.6890487804878	5.683	203	Sub-Saharan Africa
#FB61D7	40.0603170731707	7.183	204	Sub-Saharan Africa
#FB61D7	40.4272195121951	7.156	204	Sub-Saharan Africa
#FB61D7	40.7501463414634	7.13	204	Sub-Saharan Africa
#FB61D7	41.0290731707317	7.106	204	Sub-Saharan Africa
#FB61D7	41.2695121951219	7.084	204	Sub-Saharan Africa
#FB61D7	41.4879512195122	7.061	204	Sub-Saharan Africa
#FB61D7	52.8506829268293	5.576	205	Sub-Saharan Africa
#FB61D7	53.1966585365854	5.525	205	Sub-Saharan Africa
#FB61D7	53.5346341463415	5.471	205	Sub-Saharan Africa
#FB61D7	53.8720487804878	5.408	205	Sub-Saharan Africa
#FB61D7	54.2159024390244	5.335	205	Sub-Saharan Africa
#FB61D7	54.5791951219512	5.251	205	Sub-Saharan Africa
#FB61D7	45.1552926829268	6.606	207	Sub-Saharan Africa
#FB61D7	45.5543902439024	6.606	207	Sub-Saharan Africa
#FB61D7	45.9584878048781	6.603	207	Sub-Saharan Africa
#FB61D7	46.3695853658537	6.597	207	Sub-Saharan Africa
#FB61D7	46.7866829268293	6.587	207	Sub-Saharan Africa
#FB61D7	47.2092682926829	6.573	207	Sub-Saharan Africa
#FB61D7	47.9616341463415	6.875	208	Sub-Saharan Africa
#FB61D7	48.5470975609756	6.876	208	Sub-Saharan Africa
#FB61D7	49.1506341463415	6.87	208	Sub-Saharan Africa
#FB61D7	49.7592195121951	6.858	208	Sub-Saharan Africa
#FB61D7	50.3673902439024	6.84	208	Sub-Saharan Africa
#FB61D7	50.9770731707317	6.817	208	Sub-Saharan Africa
#FB61D7	46.684	6.771	209	Sub-Saharan Africa
#FB61D7	47.082	6.765	209	Sub-Saharan Africa
#FB61D7	47.5044634146342	6.761	209	Sub-Saharan Africa
#FB61D7	47.9453902439024	6.758	209	Sub-Saharan Africa
#FB61D7	48.3938048780488	6.755	209	Sub-Saharan Africa
#FB61D7	48.835243902439	6.751	209	Sub-Saharan Africa
#FB61D7	45.2925609756098	7.084	210	Sub-Saharan Africa
#FB61D7	45.8383658536585	7.136	210	Sub-Saharan Africa
#FB61D7	46.3570975609756	7.182	210	Sub-Saharan Africa
#FB61D7	46.8437804878049	7.222	210	Sub-Saharan Africa
#FB61D7	47.2973902439024	7.254	210	Sub-Saharan Africa
#FB61D7	47.7214146341463	7.276	210	Sub-Saharan Africa
#FB61D7	49.8633902439024	7.115	211	Sub-Saharan Africa
#FB61D7	50.3689756097561	7.111	211	Sub-Saharan Africa
#FB61D7	50.7375609756098	7.107	211	Sub-Saharan Africa
#FB61D7	50.9521463414634	7.103	211	Sub-Saharan Africa
#FB61D7	51.0112195121951	7.1	211	Sub-Saharan Africa
#FB61D7	50.9377804878049	7.099	211	Sub-Saharan Africa
#FB61D7	49.0147317073171	7.437	212	Sub-Saharan Africa
#FB61D7	49.4778292682927	7.443	212	Sub-Saharan Africa
#FB61D7	49.9254146341464	7.446	212	Sub-Saharan Africa
#FB61D7	50.3410243902439	7.447	212	Sub-Saharan Africa
#FB61D7	50.7141707317073	7.444	212	Sub-Saharan Africa
#FB61D7	51.0413658536585	7.435	212	Sub-Saharan Africa
#FB61D7	54.9026585365854	7.417	213	Sub-Saharan Africa
#FB61D7	55.2354146341463	7.419	213	Sub-Saharan Africa
#FB61D7	55.5791951219512	7.42	213	Sub-Saharan Africa
#FB61D7	55.9379756097561	7.417	213	Sub-Saharan Africa
#FB61D7	56.3142682926829	7.41	213	Sub-Saharan Africa
#FB61D7	56.7170243902439	7.395	213	Sub-Saharan Africa
